ip_address,username,email,password,domain,department
194.43.197.184,gsmith,michellemayo@thomas.net,d7bN7UVx2),thompson.com,"Teacher,"
156.22.221.40,collinscole,loretta85@mcintyre-bailey.biz,vBp$4KTszL,kim.com,Chief
119.71.43.194,brian64,rossjonathan@yahoo.com,u$&q9X$jpe,walker.com,Counselling
49.191.84.149,nathan62,mariajohnson@gmail.com,*cG)7(XvR9,fisher.com,Town
169.221.39.248,ryanvillanueva,sean55@dixon.com,#4Qa_tN)%l,burns.com,Optometrist
120.152.79.137,mollycontreras,lisa67@gmail.com,BY5Cp1Qig&,parker.com,Academic
89.38.175.233,shane47,chad99@cooper.com,aFIrfhx2)8,wilkerson-mendoza.biz,Personnel
156.138.93.98,breannasmith,mullinsgary@gibbs.com,*3*8ufgmvT,ford.com,Higher
106.248.141.224,elliottzachary,michellecastro@martin.net,9qgdEZfc($,meadows-dean.com,Barista
190.242.94.52,peterschris,jessica57@hubbard-cox.biz,@0Gs9dY&@Z,krueger-lewis.com,Automotive
109.217.20.233,rcooke,vgarrett@henry-hansen.org,*0#fS3mt^G,jacobs.com,Petroleum
180.116.41.171,kellybrian,mmedina@ortega.com,asy@9XwF_X,logan-michael.net,Press
79.236.64.219,xvang,sara27@preston-pratt.com,!x9TtBVpC@,young-hudson.biz,Pathologist
66.40.148.153,ashleyrios,benjamin03@hotmail.com,&Vq9u)dB4Y,roman.com,Social
129.169.75.203,mmiller,philip69@hotmail.com,vDCS5ESg1),cummings-jenkins.org,"Nurse,"
122.81.137.85,leejohn,sgibson@maynard.com,$3UE5wPr)*,walker.com,Video
73.73.64.150,pwilliams,elizabethanderson@yahoo.com,V(1Ne5QbJ(,williams-hanson.com,"Biochemist,"
143.74.13.12,whill,joseph69@decker.com,&l86XTqzV),stone.com,"Engineer,"
211.207.112.169,isaiah88,katherinethomas@wood.org,h(8E6&Tu+x,morris-mullins.com,Agricultural
86.206.105.154,susan73,derekbaker@park.com,9)Z7mGRS!F,hall.org,Customer
189.102.98.211,adrianayers,heathermurray@gmail.com,f@9HPL9Q9s,davis-castillo.com,Research
97.229.251.203,sullivanmatthew,rosemeghan@morales.com,&@1DCdtUN4,moore.biz,"Merchandiser,"
94.222.20.222,lbuck,williamsmith@holt-sparks.com,5(6D&0oD^x,carlson.net,Administrator
62.31.49.144,ehale,mary17@hotmail.com,@8PKp9MeuI,knight.com,Television/film/video
56.8.135.137,gillpaula,bryan43@yahoo.com,@R+kG)1n8D,cruz.net,Archivist
